{
    "utc_timestamp_ns": -1,
    "tracking_timestamp_us": 1198092472,
    "ReadoutTimesSec": [[2, 0.004999999888241291]],
    "ImuCalibrations": [
      {
        "Calibrated": true,
        "Gyroscope": {
          "TimeOffsetSec_Device_Gyro": 0.003699755296111107,
          "Bias": {
            "Name": "Constant",
            "Offset": [0.00398457733581968, 0.0029019393484765905, -0.0017618377613218463]
          },
          "Model": {
            "Name": "LinearGSensitivity",
            "RectificationMatrix": [
              [1.0021264553070068, 0.0018931477097794414, 0.0012311828322708607],
              [-0.0029662384185940027, 0.9987273812294006, -0.004481819923967123],
              [-0.003907646518200636, 0.0037206471897661686, 1.00175142288208]
            ],
            "GSensitivityMatrix": [[0, 0, 0], [0, 0, 0], [0, 0, 0]]
          }
        },
        "Accelerometer": {
          "TimeOffsetSec_Device_Accel": 0.0023100560065358877,
          "Bias": {
            "Name": "Constant",
            "Offset": [0.27939121039375736, 0.23670163458413304, 0.4232919730073539]
          },
          "Model": {
            "Name": "UpperTriagonalLinear",
            "RectificationMatrix": [
              [1.0034005641937256, -0.00010684526932891458, -0.0019076818134635687],
              [0, 0.9970401525497437, -0.001649940968491137],
              [0, 0, 1.0029910802841187]
            ]
          }
        },
        "T_Device_Imu": {
          "Translation": [0.005064606415073718, -0.1022037058874323, -0.08637408521536903],
          "UnitQuaternion": [0.6085863643588562, [-0.7871966282157707, -0.08407781638873947, 0.05361927296684075]]
        },
        "SerialNumber": "",
        "Label": "imu-right"
      },
      {
        "Calibrated": true,
        "Gyroscope": {
          "TimeOffsetSec_Device_Gyro": 0.0012109330855309963,
          "Bias": {
            "Name": "Constant",
            "Offset": [-0.00042141022529225956, -0.0021754443694231877, -0.0005142906095680374]
          },
          "Model": {
            "Name": "LinearGSensitivity",
            "RectificationMatrix": [
              [0.9972416758537292, -0.0017115125665441155, -0.010344027541577816],
              [0.00029804883524775505, 1.0068243741989136, -0.0074319541454315186],
              [-0.001392741920426488, 0.010896985419094563, 0.9939137697219849]
            ],
            "GSensitivityMatrix": [[0, 0, 0], [0, 0, 0], [0, 0, 0]]
          }
        },
        "Accelerometer": {
          "TimeOffsetSec_Device_Accel": 0.00042134750401601195,
          "Bias": {
            "Name": "Constant",
            "Offset": [0.14656993718959402, -0.04782321963748647, 0.10560874138074211]
          },
          "Model": {
            "Name": "UpperTriagonalLinear",
            "RectificationMatrix": [
              [0.9926180839538574, -0.0008972459472715855, 0.0018833742942661047],
              [0, 0.9949840307235718, -0.00828845426440239],
              [0, 0, 1.0034254789352417]
            ]
          }
        },
        "T_Device_Imu": {
          "Translation": [0.0011929376604079417, -0.0001575771858552122, -0.006615742692512194],
          "UnitQuaternion": [0.021752335111316516, [-0.700873411843577, -0.7119816622189954, 0.03722108477496656]]
        },
        "SerialNumber": "",
        "Label": "imu-left"
      }
    ],
    "ImageSizes": [[640, 480], [640, 480], [1408, 1408]],
    "CameraCalibrations": [
      {
        "Calibrated": true,
        "Projection": {
          "Params": [
            241.9439697265625,
            323.2308349609375,
            240.49070739746094,
            -0.02369929850101471,
            0.09487513452768326,
            -0.06320042163133621,
            0.007169149350374937,
            0.0027229853440076113,
            -0.0005658015725202858,
            0.0011382156517356634,
            0.0000016915510059334338,
            -0.0015651416033506393,
            -0.0001227078610099852,
            -0.0001504258980276063,
            0.00026173581136390567
          ],
          "Description": "see FisheyeRadTanThinPrism.h",
          "Name": "FisheyeRadTanThinPrism"
        },
        "T_Device_Camera": {
          "Translation": [0.0008426577181500812, 0.0001947345337142553, -0.0005854262379541425],
          "UnitQuaternion": [0.9999993047057232, [-0.0006026543523548077, 0.0000698485000652244, -0.001011195821264775]]
        },
        "SerialNumber": "0072510f1b21000503000015130c0001",
        "Label": "camera-slam-left"
      },
      {
        "Calibrated": true,
        "Projection": {
          "Params": [
            241.62847900390625,
            322.3279724121094,
            239.14724731445312,
            -0.02504565194249153,
            0.09720715135335922,
            -0.06432244926691055,
            0.005799917504191399,
            0.004035612102597952,
            -0.0008429297595284879,
            0.001786214648745954,
            -0.0014650754164904356,
            -0.0034646564163267612,
            -0.00006769767787773162,
            0.002787867095321417,
            -0.00020850187866017222
          ],
          "Description": "see FisheyeRadTanThinPrism.h",
          "Name": "FisheyeRadTanThinPrism"
        },
        "T_Device_Camera": {
          "Translation": [0.00502077927345168, -0.10793422158268703, -0.08412732071509724],
          "UnitQuaternion": [0.7908771491926352, [0.6113420943066831, 0.002483796060194437, 0.02771298199004031]]
        },
        "SerialNumber": "0072510f1b2100050300000e230f0001",
        "Label": "camera-slam-right"
      },
      {
        "TimeOffsetSec_Device_Camera": -0.002499999,
        "Calibrated": true,
        "Projection": {
          "Params": [
            609.2772827148438,
            716.7920532226562,
            702.7449951171875,
            0.4155804216861725,
            -0.5654786229133606,
            0.40828871726989746,
            0.7775235176086426,
            -1.441968321800232,
            0.5794339179992676,
            -0.0005069624166935682,
            -0.0007202080450952053,
            0.0006781311240047216,
            -0.00007242048741318285,
            -0.00009156155283562839,
            -0.00008180979057215154
          ],
          "Description": "see FisheyeRadTanThinPrism.h",
          "Name": "FisheyeRadTanThinPrism"
        },
        "T_Device_Camera": {
          "Translation": [-0.0038855999394270223, -0.012576539106449833, -0.005309785349213225],
          "UnitQuaternion": [0.9445780690714024, [0.32492028324609196, 0.034950713416545126, 0.03126545371964148]]
        },
        "SerialNumber": "0450577b730510744401100000000000",
        "Label": "camera-rgb"
      }
    ]
  }
  